{"header": {"seq": 971, "stamp": {"secs": 1705690258, "nsecs": 55423980}, "frame_id": "odom"}, "child_frame_id": "base_footprint", "pose": {"pose": {"position": {"x": -3.907856677143329e-12, "y": 7.081536690378698e-09, "z": 0.0}, "orientation": {"x": 0.0, "y": 0.0, "z": -0.0003224611282348633, "w": 0.9999999403953552}}, "covariance": [0.0, 0.0, 0.0, 0.0, 0.0, 0.0, 0.0, 0.0, 0.0, 0.0, 0.0, 0.0, 0.0, 0.0, 0.0, 0.0, 0.0, 0.0, 0.0, 0.0, 0.0, 0.0, 0.0, 0.0, 0.0, 0.0, 0.0, 0.0, 0.0, 0.0, 0.0, 0.0, 0.0, 0.0, 0.0, 0.0]}, "twist": {"twist": {"linear": {"x": 0.0, "y": 0.0, "z": 0.0}, "angular": {"x": 0.0, "y": 0.0, "z": 0.0045299530029296875}}, "covariance": [0.0, 0.0, 0.0, 0.0, 0.0, 0.0, 0.0, 0.0, 0.0, 0.0, 0.0, 0.0, 0.0, 0.0, 0.0, 0.0, 0.0, 0.0, 0.0, 0.0, 0.0, 0.0, 0.0, 0.0, 0.0, 0.0, 0.0, 0.0, 0.0, 0.0, 0.0, 0.0, 0.0, 0.0, 0.0, 0.0]}}